ev_type,inj_count,inj_sum,inj_mean
ACC,25225,123369,4.890743310208127
INC,898,39980,44.521158129175944
